id,username,password
1,vance.jennings,vanceRules888!
2,consuelo.eaton,Mail_Pen%Scarlets.414
3,mitchel.perkins,Z00+1960
4,odessa.vaughan,D-rockyou
5,araceli.wilder,Araceli}r3
6,shawn.harrington,126_239_123
7,evelyn.gay,`4:&iAt$'o~(
8,noreen.hale,25941829163
9,gladys.ward,=Wj1`i)xYYZ
10,brant.zimmerman,L?4)OSB$r
11,leanna.abbott,"@_2.#,%~>~&+"
12,milford.hubbard,Milford<3Tom
13,mamie.fox,chichi821?
14,jamie.cochran,Deviants.Assists.Impede+24
15,nathaniel.robinson,1204380071
16,lorrie.gay,Q0G:[@u9*_`_
17,domingo.dyer,VeOw{*p
18,martin.pacheco,MP1985???
19,shelby.massey,787175
20,rosella.barrett,TOBBY05
21,karina.morton,iDYuPurXYpW6
22,leticia.sanford,Parole:Seagull+Cession-148
23,jenny.woodard,9^+}+7.*0}1
24,brandie.webster,321.Snuffs-Pinball.Nougat
25,sabrina.suarez,CZg&Gl`Jfh]
26,dianna.munoz,munoZ_001
27,julia.savage,"z5dm_c""R\"
28,loretta.bass,%%%bass
29,joaquin.walters,..LqgIKww.
30,rene.small,"]9""mP(kM4c"
31,rosanna.reid,Outguess%Dresser:Derails=669
32,taylor.kramer,jtc123
33,jacquelyn.brady,O0CY5v9sVjfEBHq
34,patrica.hicks,Wanderer.849+Enlarges:Olympia
35,roger.golden,xq-SaL]
36,dannie.gaines,badboy
37,adriana.daniels,hmKP1w4h'V.Y
38,ervin.dyer,E5IqavZ5a
39,gus.padilla,CIRUJANODENTISTA
40,clay.brady,Zz%'XFaZZ3
41,salvador.osborn,]Yj=%K*M*F
42,ariel.chen,Violas-Insect*Agony:726
43,jarrett.marsh,C4DUfY5pX
44,vito.nicholson,75%Capsules=Volatile*Fluency
45,alejandro.burke,&`);96\-.\[}
46,morris.price,zgeRxrG2yVEka
47,bradford.rios,89:Admirer-Bands*Felons
48,jarred.white,mskimberly
49,junior.burch,Banality;520=Resale-Helper
50,barbra.puckett,MUSTANG_2006
51,shawn.morse,hg-eR6^
52,ahmad.hopper,foster
53,rosario.merrill,M=@?I~{mVVbm
54,lonnie.oneal,dillard
55,thelma.small,",]Whh.J"
56,kristopher.jimenez,%6m;K=3v
57,dwayne.hurst,]B*DNCY~/S
58,tammie.hanson,cOsE$$pS&\:
59,rosalinda.rodriquez,"?@1;>,{+,"""
60,landon.middleton,Dampest*Airports+Senora=485
61,amelia.frost,%LeC[NgfC`
62,shane.watkins,guanyu324112
63,dominique.dawson,185_Newlook-Depraves+Cameo
64,reuben.higgins,jhavonne93
65,ursula.wood,winterd3
66,kieth.barron,SmTb=^lpdT
67,petra.wiggins,lQTivpn1z
68,keisha.morales,Outlast:238_Peachy*Waviest
69,trudy.le,feger62]
70,lavern.grimes,[oEh.5o
71,bonita.morin,YfujkKRHvc2
72,lena.mckay,pepper
73,mona.frederick,V(au?YS
74,john.battle,31829460180
75,bud.knox,384;Retailed%Freshens*Interred
76,tomas.gallegos,|Qv;zCo
77,emerson.caldwell,[?'%:[<|=6;
78,carmelo.sherman,yL=1>{bg
79,roland.mcgee,]_xD[tCkh
80,courtney.conner,havethegurls
81,maggie.willis,mLSBz3dZHknt60w
82,seymour.ball,\b.N[7tRK9HQ
83,consuelo.gibbs,Master1985
84,nathaniel.dotson,roland
85,dorian.caldwell,15goofey
86,florine.gibson,jWtiPMO(?
87,saundra.king,drekerKing
88,emilia.hurley,Sons=Exam-Innovate-546
89,ira.cortez,mr]*`{?kQ
90,jordan.hurley,kokjooN91!
91,sheryl.ross,~e%;Ear(&jo8
92,romeo.gibson,doughboy5
93,marguerite.hunter,xUPLdH4Ta
94,alexis.mccullough,biodiversity
95,loren.crosby,qgSEr7sR9v
96,goldie.puckett,tD3Gi03Fa1RY
97,glen.guerra,EDQnQKoSFSIv
98,trinidad.rodriquez,frogger123
99,kimberly.lawson,robertloveskimberly<3
100,jeanne.battle,320%Snatches*Combat-Mortices
101,hiram.frost,seeks
102,dee.mccoy,YfmGHpB$s~U
103,natalia.mejia,naomi2006
104,newton.hooper,YZ8Qa98HBM
105,eve.oconnor,opLSro5NuHI5
106,nanette.humphrey,xX`9prJ
107,vera.macias,;-elY*W-6i>]
108,jamel.good,50502350205
109,rene.nixon,lunchman
110,deidre.brooks,r68uap4m
111,rob.hopper,I4YKfwNeqb
112,jacob.boone,b1/'iYQRq
113,juliette.rios,pOY3qghF0C6
114,eloise.newman,lainejoi
115,marshall.day,Fee+Reworks-Refit-837
116,emily.wise,30246639551
117,natalia.macias,Rustics.545-Relicts:Rimless
118,dolores.terry,hafdis
119,wilburn.shepherd,V~Em(*!X
120,ramona.ryan,1987cucreitorul
121,diego.elliott,&\cFd$C
122,raphael.blevins,Clobber_Framed:Captions-214
123,caleb.powers,dala4290
124,collin.dixon,4pkv7Ck22
125,lolita.murphy,:f~v2aFPd*P'
126,luther.sweet,xQD@CTT:Qkib
127,herman.shepherd,d4151512
128,andy.cruz,lbs
129,kara.wyatt,V6iiKd2\`]_
130,minnie.bruce,Eqpo8SdLK2ghk7
131,zelma.rosario,?y&fy[CS
132,mandy.mosley,y8uM7D6
133,christine.mcconnell,NycYctVDR
134,brandi.russo,H(!eK5y/[2
135,tonia.patton,-ZYd-24Zy
136,janette.rodriquez,"~,}'=1..-3"
137,rhea.ware,Bollards+511=Atolls*Marx
138,lemuel.vargas,VINZj1Oa&8
139,ned.stein,d4LdwxCRT
140,mervin.floyd,Armlet_Nuzzles%811%Threaten
141,ronald.brooks,P1G_bT‚Äù_zBrooks
142,geoffrey.kidd,J5y@zVutH
143,lorie.mccoy,loveygirl23
144,rolando.floyd,991%Facial-Plume.Chuck
145,tom.gallegos,Pn|#?|z$[^#&
146,cary.schneider,y`\`q{Oul{'N
147,patti.dixon,cabrona1
148,lara.bright,e9AQp1L7R
149,burl.parrish,collectible
150,raymundo.haley,HaleyComet333$
151,domingo.holden,9XD!86jbU1
152,roland.whitaker,KZu^|$^lP
153,robby.reese,!XJ3@P_]
154,clara.ward,cwentral
155,dewey.bonner,Blau01
156,margarito.gates,DRUCIFER
157,wilfred.oliver,Ran.Raillery;999_Write
158,elizabeth.potter,7j5eupD
159,stefan.wheeler,O[onein:
160,claire.jefferson,1922darius
161,dirk.frazier,"""tTq&(PEp(eT"
162,linwood.marshall,gateway
163,nicole.brooks,akgkhk82
164,dixie.noble,4bJYF4Kux
165,erick.miles,nuJPqAD
166,major.daniels,h|q~*WWG
167,junior.hewitt,eF|Rl'-J'
168,christy.lindsey,"Y,O&jo_n"
169,geoffrey.quinn,Pharmacology89!
170,greta.english,h28hactsG
171,ora.stuart,owlsclassrule
172,maggie.bishop,|J(^{PnZ
173,tanya.gaines,143*Client*Evil=Damnable
174,mohammad.kerr,qHi[NeUydw
175,mildred.hammond,555555
176,sharron.bryant,iceing4
177,joann.atkinson,^(3mphXg1
178,maritza.williams,eo5OWUOiU
179,sammie.montgomery,<7<N<iPV
180,estelle.sexton,Tremarr&Estelle
181,pierre.hooper,Avbk+_<0HFJ
182,loretta.dickson,76414592916
183,thanh.mason,32+Palettes:Bray*Conics
184,pierre.yates,@W_W91FL|a
185,charlotte.morin,Pricey=153+Eked;Ashbin
186,roslyn.bartlett,iheartsc
187,carmella.cline,Maths;Gage+Erosive-813
188,reuben.wells,navysis921
189,norris.small,s3XcM1E
190,reyna.holloway,!=29&<#<L
191,marlene.faulkner,"OFJr,*""WpM~E"
192,james.allen,Lectern=509%Trouper.Gore
193,trinidad.austin,tabitha
194,anderson.dillard,Kk0?4tb
195,kristi.jordan,antonau
196,alejandro.nieves,jK9lHAZloKj
197,jamie.goodman,330915930
198,tommie.ferrell,YcPf2h
199,mai.odom,5X8eNsm6xHgJ
200,tara.mckenzie,qD5AqffhH6
201,brenda.blevins,jzg>Py5Z
202,augustine.bryan,Unfix.46=Waltzes;Wrappers
203,tabatha.boyle,3NFvSqdgTo9cKRbJ
204,lane.howard,Confides-Revamped=712_Toggled
205,denis.stone,744667958
206,blake.donaldson,"Ds6+_w7jx""e"
207,roderick.combs,.tGcp1%kckHn
208,amado.fitzgerald,apology
209,reynaldo.noel,Upfield%Peach;Belfry+158
210,ervin.holland,letmeIN65!
211,melody.chase,9i0ByolRXY
212,chris.barnes,215.Dazed_Delicacy+Tides
213,jody.petty,e$Czg#Ckd
214,carmelo.swanson,Futures.518+Warpaint;Soma
215,mitchel.cabrera,Motto-315*Beeps.Affront
216,rosalind.kelley,speedy132
217,jerry.cash,eto1UfR
218,devon.burgess,18885169
219,queen.monroe,KyCteDiLe8O
220,alexis.reynolds,chelsea
221,patty.riggs,7OBOVwEwGdE
222,stanley.workman,nickgd
223,antony.mitchell,",\8SPEx2OmO"
224,dannie.mcguire,f]EeNIe$o
225,josephine.burton,hurley
226,brooke.ferrell,cap896scan603
227,ilene.skinner,626%Perry+Tattered_Towelled
228,tanya.brown,":F5,b?d'"
229,lanny.horton,Dimmest_Closeup=Vermin=763
230,anne.lyons,yGTAKdQ2#0K
231,glenn.deleon,oymXhz974RU
232,billie.fowler,hQ8fapEIXMJ
233,garth.turner,euKf}X.ai_
234,sylvester.owens,szicRLS7BQ
235,staci.pugh,Mama2323
236,jackie.burris,JackiePassword911#
237,bette.steele,Consigns-Anteater=512.Doting
238,norma.barnes,}Y?imvF
239,iris.chandler,6494276246
240,horace.guerra,ware
241,margie.zimmerman,&Z$~y|W$`d{M
242,ned.santana,please
243,kelley.barrett,"^(IDt,fg%^"""
244,cathryn.roberts,A4O1Lm8ZxnFINjg5
245,freida.greene,XNdjhqxuCI
246,tricia.frost,Z!YZC4OzV
247,vicente.hopper,b_`r{r!g%e\*
248,frankie.gates,Drowses.Rubric+Settings_720
249,brittany.mosley,kay060393
250,antoine.johnson,(Mkj.;skL
251,ashley.shaw,'QEFf]je=?Q
252,dena.pollard,acecdn3000
253,neal.jenkins,Strafe-919*Tiresome%Ripped
254,chadwick.day,X[(ks:}@p}Q#
255,tod.hyde,I!!@_olMp
256,valarie.garrison,Refers=432;Waded:Dopamine
257,lawanda.medina,a(B%0L@.Ln
258,allie.blankenship,Overruns.Auto=Groper.812
259,melody.lopez,"MB!jKE8>P""r"
260,liliana.robertson,991960
261,anna.pugh,88170951227
262,michele.ward,5cubans
263,scot.golden,jSx7c4L3hq
264,maxwell.macias,NpC9uWfGhr
265,walter.hughes,27972033
266,jennifer.hewitt,JozieBabes123
267,mia.allen,CBYpZGJx
268,paul.solis,Quaker:349_Salesmen*Parsley
269,francisco.logan,jimoulas
270,matt.snow,3StwVUo17pu
271,estella.david,*|22]j#t
272,darla.wall,yKRIfF2x
273,jannie.solomon,EuTa5HPEI
274,donn.hardin,531+Realms=Carts.Amoral
275,clifford.steele,SjUQ09qKmXZGHR
276,erika.conner,"u,HxQhF|z~6y"
277,cheri.ryan,3088649ale
278,byron.cooley,>+?`+>{]|;4'
279,giovanni.beard,s.q(irLHa(KP
280,santiago.mcmillan,888278
281,vincent.contreras,lagrimason
282,herschel.graves,gMD6QexrS9tc
283,herbert.koch,Necrotic+Rusted=113+Shampoo
284,elias.short,DBXlJom9rtz
285,manuel.santos,guitar
286,lee.roman,"]3""q1Zr"
287,williams.mcfarland,eGoET2yFBKSJ
288,reginald.randall,@@-:~4^:3
289,leroy.schmidt,D||*zeJRu8X;
290,tabatha.mckay,KsHalMUjgL
291,bonita.ingram,"]=uk$({""-"
292,adeline.bush,"ejcKv=""ITF"
293,angelique.barry,267-Rascally.Still%Truces
294,leslie.finley,nikoLins21
295,gilbert.sykes,blake
296,rosario.larsen,qRsALS2TCb8ziW
297,frankie.allen,Cmmfmn3jF
298,edward.bryan,bU80fBsha
299,aida.combs,"&1,y23?"
300,silvia.franco,senzualu
301,deanna.giles,3:)--&(!{
302,dana.kelly,r1#\Lti*Emj
303,kenneth.kennedy,knight
304,fritz.velasquez,46Zf%\E8gO
305,rupert.hayes,X?M)F6K%EcS
306,robby.schmidt,`mREr\/lyi
307,alec.robbins,zzu6gcpqKRk
308,hope.hayden,V6QpaD6fgeEI
309,rodney.gilbert,bjWj614eh5
310,art.velez,B9zvKOxqo
311,susanne.cole,Wast%Annealer.606=Ceramics
312,dominique.cherry,<>.25(=]+!@\
313,darnell.holland,hCC'j0z*`WA
314,stefan.shaffer,s{P}PJCm2
315,virgie.scott,"3D""e>87m`$9q"
316,leila.hurley,Wrested*Ashore-Havana;942
317,solomon.baldwin,N~wZ&&G)g`$g
318,rene.stuart,163=Reducer:Roubles+Venality
319,mable.delgado,klLuZwTcJrbQ7
320,leslie.foreman,mery180306
321,brandon.francis,yewywe
322,terra.hogan,9679423242
323,harry.collier,872301541
324,sebastian.jackson,310356
325,lavonne.pacheco,rX4j_21nB
326,jackie.ayala,14805548
327,wilfredo.keller,Ly\pzng;
328,lorene.savage,purplePrincesses%89
329,elma.campos,1234567
330,rory.parsons,eLvtn
331,rolland.wagner,";Z""sTOw*]"
332,rosalie.middleton,3phiKS
333,felicia.joyce,"GOv1k%"""
334,bobbie.sears,/gTn-6R:ae
335,lauri.huffman,Tony2318
336,ariel.mendez,",W=:P]z"
337,clinton.marsh,reproduction
338,heather.francis,]*.`%;6=(
339,alonzo.fowler,XnMhuoE8j
340,brice.walter,Revelaciones81*
341,carter.carney,*`Wj.92bFcjF
342,britney.lambert,971=Vigour*Inserted;Sully
343,daren.strong,*ff&H@pAT@
344,grady.charles,G@o.s8S*U*
345,stella.lester,"BNbVT`""i48"
346,sidney.walker,qEU4GE5r
347,freida.brown,Azmf3crw2w
348,brenda.crawford,W*thFteY?MC
349,shaun.walker,843-Wood%Bulldogs;Justify
350,viola.foster,successfully
351,reyna.tran,-9`+:~\6&
352,eugenio.gould,aY*@2HM-*$l
353,derick.day,fwxWAIAld
354,margret.hogan,q._jyy.Mh^
355,kirk.english,_zO!-[.M-H
356,myron.hawkins,T*`^1?ZkS
357,alana.franco,K~.hb9JkT
358,bryon.pratt,Z-@Lc+rXN;
359,charley.fuller,PbZjgy2rNyTK
360,jenifer.beck,696530820
361,edmund.dunn,yopRDS8u5xdYn
362,raymond.woodard,HsNErMn8
363,anderson.black,"}W`<w""O)%"
364,lucien.valdez,"_,oJ+:\\:=("
365,emery.ruiz,Nuzzled-Haulier:Errant*839
366,terrie.floyd,)i)8BYG~e8n
367,alfonzo.johns,detinuf01
368,nicole.leach,ixLpg%E'C)C
369,hallie.melendez,chris
370,laurel.strickland,12227257
371,gustavo.kirkland,`~0#\5;)!
372,armand.martinez,Va;t=-W>&P
373,angelita.york,(`d~yIAr;
374,beatrice.sparks,k06050605
375,jewel.dennis,qjm@-}c#?-X|
376,mariano.alston,QX~VQ+VCG*02
377,trisha.price,;Q7PN0LsK*
378,irene.jarvis,francis
379,kathrine.carpenter,w5f8hJhgQ
380,bennie.meyer,qwertY1969()
381,jamal.fry,OBavjWKYzJz
382,shane.rivera,"_~V!o,ePxE#"
383,marty.lynch,70kUN45)qw>
384,liz.langley,-N;E)!kol'
385,scotty.shannon,Kpb3zXBZQWFaL
386,kerry.klein,ZlfkvrIEoN
387,lorna.walton,comparisons
388,raul.morton,{)Ec&}N@)k
389,darrin.santana,5yrx^i\@QRz
390,chase.trujillo,Z3M2DceJY
391,ruben.huff,j~q<Jw&vX
392,christian.rogers,Sixtieth:Martyr%987%Pleat
393,pansy.garrett,nWGcdWJi.5FU
394,twila.fuller,behomes05
395,byron.jacobs,798456082027
396,earlene.cooper,4IWiFx2oyGsY0ln
397,suzanne.nash,(>Dl9d?
398,antony.day,xS?}yf^:`'6w
399,andrea.berg,X4NjeGZhMnl
400,angelina.gaines,yILJ*G.\
401,jerome.mcfadden,'~;[QNC;.Kw*
402,ulysses.patterson,z}Krer\Fb<uM
403,candice.bolton,ct-4198
404,kris.hatfield,8311223995
405,staci.castaneda,jtr;pl(3
406,drew.johns,impacplaya1
407,burl.perkins,"aXt>""d}Sw}[A"
408,jasper.andrews,WVSpjapUy
409,rodolfo.william,zwT$GPhQm
410,young.booth,29MVH
411,millard.curry,broktaydrew16
412,zachariah.jacobson,Rome_Wiles:497-Dikes
413,justin.hines,Doling;Lockable.Homage:510
414,paula.cotton,"ukHuhB3,Q"
415,violet.horn,D6f7zTxZh
416,katie.gross,de1kUDCJ4Haf
417,millard.justice,entered
418,zelma.abbott,N0~7}o2
419,terry.hayes,18919765
420,darius.norton,|_jn2W=
421,daren.guthrie,2vruPZbUo6OQ
422,homer.emerson,=H./Tbe
423,flossie.klein,H87jdgSC5
424,anastasia.fry,jian_karlo
425,marjorie.haynes,3czSe-(By
426,bobbie.rollins,|*:*[wN#M#w>
427,lesa.battle,JSx7QmWN
428,amos.maldonado,6345360487
429,maureen.patton,XLvpJV9Zrj1
430,andre.serrano,m9600
431,delmer.lynn,rothie
432,gilbert.maynard,Stamens+Epicure=131-Locked
433,doug.dickerson,groan1
434,devon.black,Dowagers*Mystics+152=Fully
435,regina.york,Milked_Plurals%Atomic.553
436,kate.perez,:L3AAMbZK[=
437,orlando.summers,mypila51200
438,terrie.dudley,Skywards=Wage.799-Warmest
439,dianna.mcknight,Deplored=21_Decrees.Tamed
440,celeste.cox,L(&*ZO%
441,rene.buchanan,3VHe@vUn&O
442,delmar.wilcox,Imbecile.Repelled+Stuff-929
443,alison.neal,Hbuv?F*@#)
444,ann.humphrey,Dogooder+Trimmed%Swearing%904
445,dudley.koch,@RE_r%U
446,brendan.barron,CQB3Z
447,glenn.mcdonald,nizaluna
448,saul.meyers,r>QNPYc\i
449,eve.gamble,bensub1
450,jolene.reid,tigger
451,tabitha.ashley,zr5K#r1Q
452,wendell.sykes,2C^omVT$B+m
453,allan.marshall,reid
454,millicent.holcomb,cookie
455,lucio.joyce,40zjH@)umC8
456,berry.mcneil,Ip'5&7ai
457,alfonso.weaver,niZx'^x/`Tkn
458,beatrice.hall,"ct>""N]fPD^"
459,chase.calderon,PmMF/6zti5*
460,cornelius.rutledge,william
461,erma.warren,"W""/{F,HTa"
462,devon.harrington,G5vMLKhvo
463,petra.abbott,123123123
464,glen.rivers,pNLmHqcb2v
465,beatriz.ward,porseza
466,wyatt.finley,(treintay1)
467,sherrie.norman,"mS%}LIr,C"
468,iris.morton,301660768736
469,margarito.solis,Whiskery;Submerge=Adequate+189
470,irma.figueroa,Touchier=Fetched;Flatmate;872
471,james.vang,Lawman.175+Repaying*Ultimate
472,al.dunlap,sanaang
473,muriel.potts,qMLDW
474,drew.roach,6906830
475,gabriela.fisher,F)j0Lzr
476,raphael.sykes,Vor4HfCoD5GV
477,della.petty,$Dx`OGBZ{r
478,alissa.rocha,944+Meeter;Reindeer.Mercy
479,darryl.edwards,"IAD.:&6D]I""x"
480,dwayne.benton,JESUJESUS
481,lula.sherman,tA8hWrnH
482,kareem.olsen,Medulla:Slugs=460:Hummable
483,angelita.white,aCAi#jt{qv^
484,alexander.thomas,OQaLW0fqK
485,brenton.velazquez,Vexation_63-Scarab*Dieter
486,jasmine.meadows,rinnnng0
487,greg.schultz,cQEF1ItTs
488,letitia.case,Falsetto.Incisor%653%Tales
489,bret.rocha,840;Assegais_Stupider*Powering
490,antonio.fields,U%6xhm910{
491,patty.marks,shy!
492,latonya.briggs,PA_*PZ3$
493,stefan.irwin,QamzEqsdyvq
494,trenton.boyle,W^AKnqFV5
495,jarrod.marsh,Embraces;Sagely;979.Loaning
496,lloyd.jacobs,=.CIk$\]CeEA
497,cleo.durham,|U>lVFDXIjQn
498,damon.melton,0$#)n2#R-v\8
499,beverly.hartman,m+5;%MW&]|
500,susan.houston,.fk|sTCN%H*e
501,leonor.padilla,Loverboy13
502,denny.harrell,STf5zSZE23
503,alec.frank,Aquanaut+Ingress-823=Galactic
504,jerome.dale,112_Feebly.Handy.Incites
505,rhoda.mayo,kvtKRxWIfqVSzhL
506,herschel.fernandez,870575997
507,may.saunders,Tenths%466_Reviewed_Plunge
508,horace.sherman,llehoj
509,christoper.clark,y1MNbvZ7B
510,estella.ortega,kagome27
511,kyle.colon,941Colonwashere
512,lizzie.lawrence,mlAHQye
513,rob.rush,59046145130
514,sammie.pennington,Lofty+585+Evildoer*Vipers
515,louis.mcbride,Oli#2b
516,martha.pennington,sunflower69
517,verna.white,r6mCGjAAMKr
518,marcie.campbell,gL2/>FB}
519,juan.doyle,<E(t[ZVF
520,alba.glass,Rake=930;Picture.Rawness
521,darius.alvarez,te.amo.gordo.
522,gena.osborn,QRDWukvLy
523,della.landry,sandbox45
524,les.cote,edwardo
525,shana.tyler,846468240983
526,howard.estrada,money
527,jeannie.brewer,PgwNd
528,issac.strickland,Snoozed+Gross+625:Drone
529,gabrielle.reid,5=:{gQY
530,theresa.sweet,"6<ypF""Hz{"
531,stan.lamb,perceived
532,lupe.evans,Slimmest-Mind-Jitters.332
533,maurice.gay,kFx7GnWIMN
534,lea.sharp,carnation
535,russel.mcclain,+g:qx)=USs
536,tammie.ayers,4e/K_Z.U%
537,erna.horton,gates65&&&&
538,derek.morris,5o%'|Jw@=>
539,cornelia.greer,scanner
540,maribel.rich,spider
541,wilford.valencia,m)2G!(?V+C
542,shelby.downs,Hind*Grading=97=Protons
543,owen.flores,742*Pallet*Enthuse+Wildlife
544,amber.summers,n6i1k0o8v2
545,tania.norman,&w[<tyxwq
546,yvonne.munoz,+t$p[zZu
547,alberta.leblanc,BT+@r'zD^[
548,mildred.mckinney,512:Pollster_Framer*Fired
549,sharon.hodges,WyccyOyWRMq
550,eric.buckner,ck}%vV?P<
551,chris.sanford,7hPL9K3VGvoWN
552,valeria.curry,);qB[|d>NL/
553,trisha.carver,d%E}vci_X2
554,leland.morrison,dwihen
555,lindsey.pitts,moedoe413
556,cora.pierce,"x_2Cu'|kL,}"
557,antony.ortiz,i~%Py>Em1[v.
558,keisha.barrera,Reshape*Idyll-Exporter_2
559,paula.gonzales,jQkQ0snPEn
560,penelope.pollard,thunderDom3$
561,florence.jimenez,ljj22EtDKTxq
562,carlene.young,mrjennings
563,annette.terrell,summer
564,ezra.aguilar,AqjG0XLK2YoK
565,augusta.hall,"i'AJlJS<2,`"
566,paulette.benton,"Pf801rm#@\#,"
567,johnie.king,Enemies+771:Cads-Charters
568,gregory.houston,n
569,emma.douglas,dakami
570,jerrold.summers,VXFn*KGk}
571,neva.conway,"0h~l_,0""#"
572,lacey.perry,stella64
573,cornelia.bradley,2VoOGl(eD^S
574,aurelio.sullivan,Myrrh*Incurred+Mutterer=950
575,concepcion.case,RQix2iA/4
576,fredrick.stafford,14748928468
577,murray.wilkinson,Deem.Poverty+468=Smells
578,monique.hodges,realis
579,liz.mcbride,crysta1McBride
580,lynn.cross,8674341942
581,teresa.bentley,"?5&%7.}3),=$"
582,jacob.chaney,isbfKtb
583,cathryn.prince,Dagga;Aces.447-Ranged
584,mathew.wiley,3upFa4qZAVh
585,pedro.wolfe,&*``r78^[s0/
586,serena.price,\vs{xq+u
587,donna.calhoun,190664
588,quincy.hart,alergz
589,amie.blanchard,A/VZ&>w~AOS
590,nicholas.watts,oQwOtBefYRTui
591,roman.tanner,W6lSJNxQXtu
592,patty.webb,;IK2+7HM/rA
593,elias.holland,"Aeq<I|kr,"
594,gus.macdonald,KWItd8mHWf
595,willis.cervantes,9812684
596,alisa.campbell,yYmkb736Lsu
597,kent.guy,520;Saw%Ravioli.Mixed
598,marisol.porter,oifTk6lZKqb
599,jefferson.avila,769.Pickaxes=Amps;Slowest
600,landon.lloyd,Q+3'IHF
601,christy.hensley,679462310217
602,lester.william,game67776
603,harold.lloyd,Cribbing*Lagune=874-Smarted
604,kitty.boyle,Adoring+Hoar-808+Limit
605,regina.guthrie,6158086mcy
606,christa.adkins,aajnC2fOdiR
607,malinda.avila,WoMWzPadOmk
608,patrice.burgess,ZD[('+2E
609,adrian.briggs,Sanded+Flings-313-Pipping
610,jesse.george,Disgusts_167%Scalping%Spat
611,marcie.miller,Tidal%Flops:Zonation_571
612,lilly.lee,hmkR.]\E##
613,helene.murphy,(t[2tlLDz-`
614,clair.richmond,OwdCGa6ONQ
615,martin.lloyd,1000=Listing.Mobility%Flutters
616,lane.mccarty,`iZIyfxZ'
617,damian.savage,U$Zm<P/nSq#H
618,luisa.riley,li1Qw8Ux3
619,merlin.vance,P=+p0@i
620,marlin.alford,OQuWFusQ7
621,shelby.peck,XAiapyNZ*
622,gale.burnett,YIHs7Rp
623,rico.gill,Curve%537%Rubbings_Jeweller
624,elvira.walter,Z]9laH0UGQkr
625,edgar.odom,|E'[Jc|@
626,caleb.mayer,98+Boron+Birched_Reopened
627,vilma.hart,k4pA5hzfE
628,myrna.fleming,TlL0k9C9I
629,gracie.ellis,!^]g2.0IS$[Q
630,seymour.rollins,Kidding=405.Cedars:Strafing
631,melanie.jordan,LnQWsKSYY
632,rosario.bernard,marker00
633,tania.ochoa,Jcw4luo8ip12
634,wilford.kaufman,9940313160
635,zachary.huff,78momma
636,mattie.burris,123654
637,ebony.donaldson,gallegos
638,wesley.odonnell,Russian:Referral.Lasses:999
639,brain.webster,6?9|LbO=J
640,joy.hayes,Louvers=Jumble.366:Retypes
641,marla.jimenez,"6#|4,~^2'~"
642,suzette.hatfield,<A+~U@97
643,sal.farmer,Friars-Drowse+Plummet=702
644,juanita.swanson,Madobble_73
645,essie.lopez,Ditching=Walled=Aeration+606
646,latisha.nicholson,90|AFF+
647,john.murray,KW:s#s-:r
648,norman.riggs,rvKj96Gzj
649,jennifer.sanders,Vw3n9erQMHRq
650,sanford.holman,YW;XZaB
651,dolly.bonner,kOk-WuZ*VlW
652,jocelyn.gonzalez,823991743
653,jessie.graves,~eYuT&Ng8:x~
654,antonia.stephenson,kXmXTf110l
655,terrell.donaldson,Subtitle*Losses%433%Evenly
656,miguel.moody,"]B,.(gTS-u"
657,chasity.whitfield,kinkage
658,donnie.hodges,p7ZLRWE6A
659,daisy.gill,CORRI19
660,willis.miles,623%Copout*Annuls*Unravels
661,walter.blackwell,l?HF#gANV
662,christine.bond,12.vTr]p!$F
663,dean.carter,8685041
664,adolfo.kane,6agy:loY!
665,valentin.castillo,woodard
666,annette.maynard,gkr15534
667,paige.monroe,l28QtJrUTxidO
668,simon.miranda,SimonR0ck$
669,carol.campos,4)x)rsF
670,normand.mckinney,_XSD9*Mi
671,betsy.oneal,`Z(RGdbj_
672,jodie.velazquez,foster1996
673,benita.schneider,NcXgLfnEy
674,savannah.leonard,$c=H+]Q
675,crystal.adams,$'h(uobGb!M
676,janet.kirk,I3zf!nf[
677,blake.harrell,TlZjBtvrsk
678,anibal.rivas,Ewokzs77
679,morgan.kirkland,monikagutierres
680,eugene.mckenzie,luisyeli
681,leah.perry,rangers
682,marilyn.vargas,9>Ig%VD)Ab
683,daryl.odonnell,Answerman61!
684,harrison.cooley,wcnskQ)LnKY
685,sally.crane,Minimise-Elided_496.Elevated
686,alfonso.cash,Unsettle;26;Aiming.Sweeter
687,rick.mcclure,M$%u\6Hvu
688,kareem.hogan,4555995
689,beau.armstrong,838800179
690,gale.barron,^k+lL|l
691,efrain.long,3869274
692,carl.morton,merlin
693,bernadine.whitfield,9lRoM5I40xm
694,ollie.dunlap,RO[*>`k+?
695,gwendolyn.spears,KlpXp9ioJe
696,phyllis.wells,JqL1TsK3I
697,numbers.cline,AQiCWRGL
698,gerardo.mcmahon,H7:6L4&F
699,kareem.trevino,/*#F?f/
700,patsy.jennings,888888
701,brandi.brooks,joseiah1
702,silvia.duke,4Mwv1e3pL
703,mohamed.cohen,cp</r]8aF=(P
704,edwardo.goff,=pk&q[}'
705,mark.bond,n8rnCKPHpNM
706,charles.ayala,cas4life
707,louella.bolton,nachomio
708,franklin.jordan,69748015734
709,eugenio.bray,park999
710,teri.walton,Ow=9I`G5w;ss
711,johanna.melton,rdBsIthJOl
712,clarissa.powers,332566737835
713,natalie.jenkins,Nuls7+Uc]Zy
714,addie.cherry,ancan
715,lara.chavez,BOL9HakowJB
716,maureen.roth,3_lFFxA`
717,dorothea.klein,6357117612
718,henry.kelley,K!)^s9;
719,lindsey.knowles,(kinds)
720,sharron.pittman,+wT|@VPAemV#
721,daisy.lopez,-(@~M[![ZJ+b
722,evangeline.macias,@GN5L4qS5+
723,roderick.riddle,$qY`EeB
724,mason.hutchinson,masash22
725,elise.newman,XxPF3C1b8ik
726,bertie.yang,n)hoDY+_Ibj
727,rocco.kirkland,briggs
728,robert.cooley,'*b~#2wg
729,noelle.tucker,123456
730,terrence.nieves,/dV7p(E0;
731,jimmy.hensley,Lobbies:Snaky+795_Nestling
732,vanessa.davis,B]&f*)0m
733,norris.morales,qZA5Z:`
734,gloria.davis,_B62s:|w
735,patrica.sampson,lqRQfyl0WO9
736,troy.whitney,\H#O{ct*1G+)
737,johnnie.sweet,fiD5TNZn
738,aurelia.blair,0RPMlN2PDC
739,benito.le,5272199335
740,jerald.melendez,LILFLIPS
741,oliver.terrell,Chunky:391%Fore=Traits
742,leroy.montoya,DFPTEjKUQZr
743,wendy.sargent,461:Losing=Codename=Seeing
744,jonah.atkins,loveyoubebe
745,chi.alford,uqNR8@tKK}
746,tania.quinn,11;Burly=Mystery:Unshaped
747,steve.brady,kb455905
748,carroll.whitfield,6211039769
749,cynthia.browning,41283596
750,irvin.martinez,bananaIrvin8)
751,megan.payne,TL*GoU49}OG%
752,amado.bridges,N%G=FVC+Mi/
753,amber.padilla,Byte-919;Incomes*Malaise
754,sergio.puckett,bdc4life
755,seth.duffy,Absence;546;Azure+Restored
756,randell.burgess,530432168
757,sheryl.wynn,yUt6GjlLWcF
758,ilene.ayers,19_Somebody=Polonies%Pent
759,glenna.tanner,CMhq@dOvN
760,olivia.daniels,w_eU}p(a2h+q
761,joni.hutchinson,Pathogen+Suffrage%Mediums_803
762,dwight.lowe,697-Liaised+Dioxides*Pimps
763,dewayne.drake,stefan
764,bernardo.fernandez,o92eq7hU3pEc
765,morton.pearson,"Jm@zY{Ma,#"
766,penny.conway,"{4|`.|{.1@"""
767,daphne.carson,Followed=660.Sheepish.Swathed
768,garland.perkins,chelsea
769,sondra.lowe,"?#LJ;Y.""/"
770,frank.bean,d(=3=8Ai
771,faye.johns,@^jC/rty>K!
772,jolene.henry,30345
773,foster.james,eltiempo
774,irving.franks,Cx~ws'.&n
775,joshua.blair,monkey
776,adolfo.lara,YXJZF\/|W
777,lavonne.dunlap,"!O`""EZuF"
778,lakeisha.frazier,1hQlzRxBf
779,jacqueline.adams,220780
780,ignacio.navarro,Joyous_130;Fadeout=Trudged
781,mac.franco,{N[mv)O]
782,alisa.cohen,football
783,jonas.bowen,U*\xGWX
784,leslie.rojas,Artistes_Tension+Porosity;600
785,quentin.holcomb,Everyone*Forsaken;Bow*139
786,irwin.harrell,904%None*Variance+Scruple
787,miles.gates,27521617
788,carlo.dunlap,pharmacy2012
789,darren.banks,Lynch.Properly%Say*843
790,sean.leon,SeansPa$$w0rd
791,harley.campos,bgeesh1
792,hester.collins,3dJkFbZDeh
793,reyes.levine,muVr4pUkZP
794,dannie.olsen,X2~1DUj*
795,jaime.fulton,OV8Svi5JKHS
796,janie.acosta,j3fvKEuq4Mo
797,jimmy.wade,:&~~4zk}?w
798,johnnie.lester,JO/ykv)
799,charley.key,gejpK38Kb
800,harriett.herring,2lS|7qZK
801,helene.cortez,jBUoR5Mef
802,clifton.norton,_Z%h!Z}X3
803,anton.pruitt,"e&,~PY|{dWd"
804,clayton.holloway,?W2&Zy-O
805,stacy.hess,5278049
806,sheila.brown,5{bbv=YJz
807,lynne.knowles,"C{H[_dre,"
808,thurman.osborne,Shields1972
809,wilma.cruz,Circlets+Saps+382.Soundest
810,pansy.fry,Fought-Refracts+Brick;779
811,shari.bruce,osxDWOBY
812,jay.dillard,e5/x]aB:#l
813,napoleon.gonzalez,b0h36onFo
814,nathan.dillard,@[PU74_M~K(G
815,heriberto.hatfield,tdutza
816,sonja.kline,K;hnkP9z%^
817,joseph.calderon,3XHi7_p%YZdl
818,tracie.wilcox,123ASH
819,judson.emerson,ff68jPFI8j3
820,eloise.chapman,.`gsTP>PE*u#
821,monique.young,Protests*429*Latching_Woolly
822,lucille.barker,OorqMh
823,mable.nixon,wek1234
824,joaquin.beach,Accessed*Catnip%Pedalled:787
825,brent.hebert,_EW)Aiv)R_
826,mai.valdez,HTw&pW}
827,mindy.clarke,GIVcD5rF08UEiuAb
828,maureen.gross,4lprz6
829,ted.horne,dakota&ted4Ever
830,peggy.cain,600.Stow;Gazes-Saddens
831,harley.martin,kiv%^X4
832,alejandra.stephenson,VB|Vng.-$J[x
833,edward.lynch,GQ0wfJqYWVvD
834,irvin.joyce,&Fn)eo0u4(5
835,everett.hale,GODTHEONE1
836,rigoberto.cleveland,19541097450
837,jenna.vaughan,",aSN`(y/u,v"
838,elba.morton,ioV9QeeUuQ
839,christie.watson,shaniahok
840,margaret.garrison,qf_G3Ee
841,lucio.shields,Lilsplat278
842,aurelia.langley,"SziYLkZJ,"
843,mathew.cummings,l$3:W?%
844,oscar.winters,b1glf67Lm
845,esmeralda.irwin,mghGCvbzKuxDZoTO
846,aldo.whitehead,e\*;vKL<S3h<
847,martin.foley,R7PjLZbEt8e53
848,daisy.washington,qmt9o35NIcy
849,porfirio.hooper,ptv98rNZElU
850,marcia.pitts,_fyAU_qSuH
851,chase.garza,annluu1
852,donnie.sandoval,Recorder;653.Bussing;Clarion
853,cory.chaney,Roofless;852-Heirloom:Antigen
854,sandra.bridges,229-Rogue_Provided+Dived
855,annie.mccall,Viscous+Operatic:Cutback%282
856,ross.sutton,F#b=x=D
857,omar.carver,i3TNI4YJatB
858,adele.moreno,76;%}C^3J
859,doris.higgins,.yH:rv~Yi'%G
860,haley.dean,Yak.Observed:Joker.878
861,yvette.whitfield,sentry31
862,timothy.gross,fXGB7=elO!%(
863,pat.warren,|Kn|Tzx;z|~
864,malinda.bright,buddaball
865,gwendolyn.tate,{b3.WQNoR
866,duane.cooley,ABp2YsIunTzW6Ej
867,lilian.gordon,tL0Xd40pJ
868,susie.vega,susangillett
869,enrique.mendoza,builds
870,elisa.campbell,Stood%Expense+665.Swindles
871,berta.holman,"l5(~-T,0E;F"
872,chance.lawson,971:Dictum_Boniest+Serenata
873,williams.rios,1v@jSm[w*
874,doyle.hess,ecWGQ2TD9Wn
875,esther.lang,7xFHcdy
876,francine.buckner,IL0v3Puppies57
877,jan.silva,"""\>~MGoZUl?R"
878,norma.koch,ya1PC38U75h
879,imogene.oneil,R\5u-c8D2
880,shelby.bond,EOTzhIGLnUxj6qv2
881,walter.conner,"V$hO,6j13"
882,fletcher.dillon,83T!4<OR
883,bryan.fisher,"<#"">6.&3-@}"
884,maryanne.moran,1lWb0lu2uM
885,jacqueline.jennings,bBx2hwamEb
886,meagan.stone,aharney88
887,regina.levy,tM1PaTh4B
888,maggie.contreras,941985h
889,sarah.wiggins,"r;HbcMx""A("
890,lucinda.wiley,"~""WKYFEk-NA"
891,marcie.frost,OxJPgw5czamu
892,marisa.preston,y'+LG5Ofa&A
893,mario.blankenship,Document.Tottered%337:Treaties
894,charles.morris,&68(5>$yQ
895,mike.baxter,f8fGm/?&
896,letha.kemp,h_AUv3<jy@-
897,suzanne.gallegos,0lLnvMw8rCESNB
898,monty.golden,chaguay
899,aisha.jenkins,)_)#3(`5.~3-
900,ida.wood,Unlocks.998_Unstuck%Voters
901,ashley.house,143sanya
902,dominique.joyner,Sharp
903,diego.rice,o2pXIF\\1\
904,leola.waller,064039dd
905,victor.bryan,10101971
906,marcelino.mcmahon,jfasii
907,virgie.atkins,lwsves2
908,alexandra.contreras,Await:Fancies;Needled+685
909,bridget.rowe,Lobsters.802%Bar-Symbolic
910,bruno.acosta,cesarymary4ever
911,tiffany.sanders,oX90mjqoA
912,byron.dominguez,@T|IXA*]^`)N
913,frankie.head,GPUtj7Ab
914,benita.anthony,Famed*Biasing;Adepts=309
915,bryant.briggs,X>8BT_;U0
916,francisca.hill,midnight
917,katie.gonzalez,Nw[D<FqAmc
918,amparo.evans,actualizame1
919,trevor.perkins,7pn:*WWYao
920,julie.lloyd,d'poIME
921,alexandria.hinton,timing
922,earline.obrien,#l0{#[5
923,arthur.buck,Derates+Forges_198.Discant
924,diann.nicholson,ranger
925,jerrold.rodriquez,\SB@^3la
926,houston.garcia,earth2Houston!
927,seymour.randolph,EVqYzv8nrw
928,roberto.torres,Definite+516_Balding*Wretches
929,kenny.franco,;X?>.xzMjgd~
930,russ.morales,060891LD
931,davis.roth,Retried+977+Blunted%Strop
932,abdul.rowland,0Vg3f0'L
933,marlin.fleming,chuckie18
934,josephine.morales,k5TIB45{vDB
935,evan.chan,Objector+Toboggan=244+Fuelling
936,leanna.richards,559:Entree*Whippet=Slater
937,todd.soto,"~""f`e#p=B-"
938,mohammad.ware,Naomi;612*Scouring=Dish
939,evangelina.barton,l\G'.]'m
940,lee.hendricks,PvW/-V7MG
941,zane.bond,1Ga*)#Tg*<
942,mitch.ferguson,"4\,Y4cCg"
943,donna.mcmahon,Ih6ymtaQh
944,andrea.day,akera007
945,stella.hicks,wCmsoVU1EF
946,willard.williamson,_)/(\7$.!.*
947,tanisha.ortega,Mb8v0u1WDL
948,amber.vega,*O|L~2*
949,annie.mendez,"O_]<CL""1zZ,"
950,neil.phillips,_lHNM/cf%P$
951,rebekah.sharpe,414*Validly:Swoops%Delusive
952,zachariah.shepherd,981*Crowning*Gravies;Aquifer
953,christa.morrison,3322368243
954,clarence.britt,zK*'%.ko_
955,carmela.clayton,bZ3ME2PRIfnjXtQ
956,royce.combs,fs8=[z|Z
957,devon.holman,\fQI=.w
958,becky.hickman,3su9hb6KiZxCqo
959,deena.holmes,Sibilant:Gyrates%Rescans%566
960,mark.chandler,Jackal-Decree*467-Shivered
961,carmelo.byers,#x`iYc0
962,mohammed.carpenter,Firing;921.Tubules-Prided
963,rico.valentine,14Gfa5XyjzBYUpJ8
964,angel.jefferson,volunteers
965,chrystal.burns,ChRYSTAL90?
966,irma.vasquez,JjQqr.<;
967,taylor.kent,">L0/d""8=omzy"
968,deloris.dixon,4gAyvvcOeA
969,julian.gross,jv0805
970,joey.poole,37z<wi+o/vb
971,noel.montoya,Riskier:Spikes_Grasped=27
972,josef.hoffman,Unhidden-Flatus*753-Figurer
973,jorge.patrick,Freedom_85!
974,rogelio.payne,pKfOP4DYATEj
975,lucille.stark,y>!YHfgH$
976,freeman.rose,cHw2Leth5JXY
977,monica.flores,*;~a8dq5%s'
978,autumn.alford,pink3602
979,miriam.haynes,Gizzard.Muse+Patters_857
980,genaro.russo,Rm3OwUfobjYxq
981,lora.quinn,bn#_k:}
982,elmer.mccormick,IzXEo2ghZBJm